{
    "welcomeFile": "/index.html",
    "authenticationMethod": "route",
    "routes": [
        {
            "source": "^/eventmanager/(.*)$",
            "target": "/eventmanager/$1",
            "destination": "srv-api",
            "authenticationType": "xsuaa",
            "csrfProtection": false
        },
        {
            "source": "^/eventmanagement/(.*)$",
            "target": "/eventmanagement/$1",
            "destination": "srv",
            "authenticationType": "xsuaa",
            "csrfProtection": false
        },
        {
            "source": "^/index.html$",
            "service": "html5-apps-repo-rt",
            "authenticationType": "xsuaa",
            "cacheControl": "no-cache, no-store, must-revalidate"
        },
        {
            "source": "^(.*)$",
            "target": "$1",
            "service": "html5-apps-repo-rt",
            "authenticationType": "xsuaa"
        }
    ]
}